Day,Day of Year (Day),Duration (min),Fixture,Flow Rate (gpm),Mains Temperature (deg F),Start Time of Year (hr),Start time (hr),Fraction Hot Water,Hot Water Flow Rate (gpm),Hot Water Volume (gal)
2D7,2.0,5.502000000000001,SHWR,1.2329999999999999,53.3915,32.91,8.91,0.8376847350609088,1.0328652783301004,5.682824761372213
2D7,2.0,8.123,SHWR,1.237,53.3915,38.3,14.3,0.8376847350609088,1.0362160172703443,8.417182708287006
2D7,2.0,3.668,SHWR,1.881,53.3915,40.93,16.93,0.8376847350609088,1.5756849866495695,5.7796125310306214
1E1,3.0,16.245,SHWR,2.0,53.338499999999996,56.79,8.79,0.8378242501398766,1.6756485002797532,27.22090988704459
1E1,3.0,5.502000000000001,SHWR,1.611,53.338499999999996,69.78999999999999,21.79,0.8378242501398766,1.3497348669753413,7.426241238098329
2D8,5.0,5.47,SHWR,1.443,53.1725,102.42,6.42,0.8382596740932433,1.2096087097165502,6.61655964214953
2D8,5.0,3.8539999999999996,SHWR,2.0,53.1725,107.12,11.12,0.8382596740932433,1.6765193481864866,6.461305567910719
2D8,5.0,7.957000000000001,SHWR,1.474,53.1725,116.58,20.58,0.8382596740932433,1.2355947596134407,9.831627502244148
2D9,6.0,12.237,SHWR,2.0,53.1125,128.79,8.79,0.838416481518885,1.67683296303777,20.51940496869319
2D9,6.0,6.66,SHWR,2.0,53.1125,138.04,18.04,0.838416481518885,1.67683296303777,11.16770753383155
4D9,7.0,11.005,SHWR,1.464,53.045,153.86,9.86,0.8385925268339924,1.2276994592849648,13.510832549431038
4D9,7.0,13.100999999999999,SHWR,2.0,53.045,162.84,18.84,0.8385925268339924,1.6771850536679849,21.97280138810427
4D9,7.0,4.8469999999999995,SHWR,2.0,53.045,163.41,19.41,0.8385925268339924,1.6771850536679849,8.129315955128721
4D9,7.0,3.668,SHWR,2.0,53.045,164.6,20.6,0.8385925268339924,1.6771850536679849,6.151914776854169
4D9,7.0,2.62,SHWR,2.0,53.045,164.79,20.79,0.8385925268339924,1.6771850536679849,4.3942248406101205
5D4,8.0,7.335,SHWR,2.0,53.006,179.63,11.63,0.8386940671677904,1.6773881343355808,12.303641965351485
5D4,8.0,5.968,SHWR,1.2590000000000001,53.006,187.03,19.03,0.8386940671677904,1.0559158305642482,6.301705676807433
6D4,9.0,3.013,SHWR,2.0,52.9875,197.25,5.25,0.8387421890747833,1.6774843781495665,5.054260431364644
6D4,9.0,11.005,SHWR,2.0,52.9875,197.65,5.65,0.8387421890747833,1.6774843781495665,18.460715581535982
6D4,9.0,9.957,SHWR,2.0,52.9875,211.47,19.47,0.8387421890747833,1.6774843781495665,16.702711953235234
1E5,10.0,7.119,SHWR,2.0,52.9165,234.01,18.01,0.8389266069084378,1.6778532138168756,11.944637029162337
2D1,12.0,5.5760000000000005,SHWR,2.0,52.8695,272.14,8.14,0.839048454462784,1.678096908925568,9.357068364168967
2D1,12.0,10.378,SHWR,1.916,52.8695,272.4,8.4,0.839048454462784,1.607616838750694,16.683847552554703
2D4,13.0,4.476,SHWR,2.0,52.80200000000001,296.47,8.47,0.8392231261455352,1.6784462522910704,7.512725425254831
4D7,14.0,3.275,SHWR,2.0,52.685500000000005,318.5,6.5,0.8395237063604779,1.6790474127209558,5.49888027666113
4D7,14.0,7.336,SHWR,1.632,52.685500000000005,332.63,20.63,0.8395237063604779,1.3701026887802998,10.05107332489228
4D7,14.0,7.205,SHWR,1.81,52.685500000000005,332.63,20.63,0.8395237063604779,1.519537908512465,10.94827063083231
6D6,15.0,4.833,SHWR,2.0,52.57600000000001,342.26,6.26,0.8398052031270025,1.679610406254005,8.117557093425606
6D6,15.0,3.667,SHWR,2.0,52.57600000000001,343.91,7.91,0.8398052031270025,1.679610406254005,6.159131359733435
6D6,15.0,9.833,SHWR,2.0,52.57600000000001,344.2,8.2,0.8398052031270025,1.679610406254005,16.51560912469563
2D5,16.0,9.833,SHWR,1.411,52.546499999999995,369.06,9.06,0.839880871368298,1.1850719095006685,11.652812086120074
2D5,16.0,6.5,SHWR,2.0,52.546499999999995,370.68,10.68,0.839880871368298,1.679761742736596,10.918451327787874
1E8,18.0,8.908999999999999,SHWR,2.0,52.4885,421.22,13.22,0.8400294345840366,1.6800588691680731,14.967644465418362
4D8,20.0,12.052999999999999,SHWR,1.585,52.4825,464.25,8.25,0.8400447874595113,1.3314709881233253,16.048219819850438
4D8,20.0,11.005,SHWR,1.614,52.4825,476.8,20.8,0.8400447874595113,1.3558322869596513,14.920934317990964
4D8,20.0,8.516,SHWR,1.575,52.4825,477.73,21.73,0.8400447874595113,1.3230705402487302,11.267268720758187
2D3,21.0,2.705,SHWR,1.746,52.54050000000001,486.21,6.21,0.8398962527717961,1.466458857339556,3.9667712091034995
2D3,21.0,4.129,SHWR,2.0,52.54050000000001,487.27,7.27,0.8398962527717961,1.6797925055435923,6.935863255389492
2D6,22.0,6.837999999999999,SHWR,2.0,52.52900000000001,511.31,7.31,0.839925725536649,1.679851451073298,11.48682422243921
2D0,23.0,3.9789999999999996,SHWR,2.0,52.457499999999996,549.08,21.08,0.840108726066275,1.68021745213255,6.685585242035415
3E7,25.0,8.385,SHWR,2.0,52.3495,585.82,9.82,0.8403843544744256,1.6807687089488512,14.093245624536117
3E7,25.0,3.406,SHWR,2.0,52.3495,586.25,10.25,0.8403843544744256,1.6807687089488512,5.724698222679788
6D1,27.0,7.832999999999999,SHWR,2.0,52.308,630.29,6.29,0.8404900146749187,1.6809800293498374,13.167116569897274
6D1,27.0,7.584,SHWR,1.935,52.308,633.95,9.95,0.8404900146749187,1.6263481783959677,12.334224584955018
6D1,27.0,5.718999999999999,SHWR,1.8869999999999998,52.308,634.14,10.14,0.8404900146749187,1.5860046576915714,9.070360637338096
6D1,27.0,5.222,SHWR,2.0,52.308,637.38,13.38,0.8404900146749187,1.6809800293498374,8.778077713264851
6D1,27.0,13.055,SHWR,2.0,52.308,642.0,18.0,0.8404900146749187,1.6809800293498374,21.945194283162127
6D1,27.0,3.73,SHWR,1.662,52.308,644.3,20.3,0.8404900146749187,1.3968944043897147,5.210416128373636
4D1,28.0,15.833,SHWR,2.0,52.3065,654.41,6.41,0.8404938310989177,1.6809876621978355,26.61507765557833
4D1,28.0,13.5,SHWR,2.0,52.3065,654.81,6.81,0.8404938310989177,1.6809876621978355,22.693333439670777
2D1,29.0,5.5760000000000005,SHWR,2.0,52.269999999999996,680.14,8.14,0.8405866411605293,1.6811732823210586,9.374222222222224
2D1,29.0,10.378,SHWR,1.916,52.269999999999996,680.4,8.4,0.8405866411605293,1.610564004463574,16.71443323832297
1E7,31.0,7.513999999999999,SHWR,1.526,52.210499999999996,731.11,11.11,0.8407377029598898,1.2829657347167918,9.640204530661972
1E9,32.0,6.287999999999999,SHWR,2.0,52.174,760.02,16.02,0.8408302295228091,1.6816604590456181,10.574280966478845
4D6,33.0,7.211,SHWR,1.88,52.2,775.29,7.29,0.8407643312101911,1.5806369426751592,11.397972993630573
4D6,33.0,6.837999999999999,SHWR,1.84,52.2,779.3,11.3,0.8407643312101911,1.5470063694267517,10.578429554140127
4D6,33.0,3.6060000000000003,SHWR,1.5830000000000002,52.2,780.82,12.82,0.8407643312101911,1.3309299363057328,4.799333350318473
4D6,33.0,8.081,SHWR,1.893,52.2,784.48,16.48,0.8407643312101911,1.5915668789808919,12.861451949044586
2D4,34.0,4.476,SHWR,2.0,52.254000000000005,800.47,8.47,0.8406272909826921,1.6812545819653841,7.5252955088770594
6D8,35.0,4.337,SHWR,1.995,52.3675,821.02,5.02,0.8403384824172754,1.6764752724224645,7.270873256496229
6D8,35.0,15.489,SHWR,1.361,52.3675,827.79,11.79,0.8403384824172754,1.1437006745699119,17.714779748413367
6D8,35.0,10.378,SHWR,1.571,52.3675,834.38,18.38,0.8403384824172754,1.3201717558775397,13.700742482497107
6D8,35.0,11.307,SHWR,1.297,52.3675,835.72,19.72,0.8403384824172754,1.089919011695206,12.323714265237694
6D8,35.0,7.9,SHWR,1.48,52.3675,837.78,21.78,0.8403384824172754,1.2437009539775676,9.825237536422785
4D5,36.0,5.595,SHWR,2.0,52.4705,846.9,6.9,0.8400754843713767,1.6801509687427534,9.400444670115705
4D5,36.0,6.341,SHWR,1.38,52.4705,847.18,7.18,0.8400754843713767,1.1593041684324998,7.351147732030482
4D2,37.0,6.832999999999999,SHWR,1.311,52.545500000000004,871.93,7.93,0.8398834351407825,1.1010871834695657,7.523728724647541
2E9,39.0,8.984,SHWR,1.561,52.510000000000005,928.29,16.29,0.8399743959033446,1.3112000320051207,11.779821087534005
2E9,39.0,7.59,SHWR,2.0,52.510000000000005,929.61,17.61,0.8399743959033446,1.679948791806689,12.75081132981277
6D9,40.0,13.0,SHWR,2.0,52.382000000000005,942.53,6.53,0.8403015107477083,1.6806030214954166,21.847839279440414
6D9,40.0,4.167,SHWR,1.9340000000000002,52.382000000000005,948.47,12.47,0.8403015107477083,1.6251431217860681,6.771971388482545
6D9,40.0,9.667,SHWR,1.355,52.382000000000005,950.59,14.59,0.8403015107477083,1.1386085470631448,11.006928824459422
6D9,40.0,7.167000000000001,SHWR,1.8869999999999998,52.382000000000005,959.24,23.24,0.8403015107477083,1.5856489507809255,11.364346030246894
6D5,41.0,6.97,SHWR,1.4409999999999998,52.292,967.52,7.52,0.840530713784525,1.2112047585635004,8.442097167187598
6D5,41.0,3.717,SHWR,2.0,52.292,969.1,9.1,0.840530713784525,1.68106142756905,6.248505326274159
6D5,41.0,1.859,SHWR,2.0,52.292,969.31,9.31,0.840530713784525,1.68106142756905,3.125093193850864
6D5,41.0,5.421,SHWR,2.0,52.292,980.55,20.55,0.840530713784525,1.68106142756905,9.11303399885182
4D3,42.0,3.406,SHWR,1.405,52.21300000000001,996.56,12.56,0.8407313615875898,1.1812275630305635,4.0232610796821
4D3,42.0,1.965,SHWR,1.8880000000000001,52.21300000000001,1004.61,20.61,0.8407313615875898,1.5873008106773696,3.1190460929810313
4D4,43.0,9.04,SHWR,2.0,52.1965,1015.6,7.6,0.8407732053149904,1.681546410629981,15.201179552095025
4D4,43.0,5.632999999999999,SHWR,2.0,52.1965,1027.46,19.46,0.8407732053149904,1.681546410629981,9.47215093107868
4D4,44.0,9.04,SHWR,2.0,52.2115,1039.6,7.6,0.8407351664715672,1.6814703329431344,15.200491809805934
4D4,44.0,5.632999999999999,SHWR,2.0,52.2115,1051.46,19.46,0.8407351664715672,1.6814703329431344,9.471722385468675
2D7,49.0,5.502000000000001,SHWR,1.2329999999999999,52.374,1160.91,8.91,0.8403219110273689,1.0361169162967456,5.700715273464695
2D7,49.0,8.123,SHWR,1.237,52.374,1166.3,14.3,0.8403219110273689,1.0394782039408554,8.443681450611567
2D7,49.0,3.668,SHWR,1.881,52.374,1168.93,16.93,0.8403219110273689,1.580645514642481,5.79780774770862
5D9,50.0,4.337,SHWR,2.0,52.3605,1188.59,12.59,0.8403563246833069,1.6807126493666138,7.289250760303004
5D9,50.0,28.346,SHWR,2.0,52.3605,1199.09,23.09,0.8403563246833069,1.6807126493666138,47.64148075894604
4D1,51.0,15.833,SHWR,2.0,52.358000000000004,1206.41,6.41,0.8403626959547907,1.6807253919095815,26.610925130104405
4D1,51.0,13.5,SHWR,2.0,52.358000000000004,1206.81,6.81,0.8403626959547907,1.6807253919095815,22.68979279077935
1E1,52.0,16.245,SHWR,2.0,52.3585,1232.79,8.79,0.840361421741178,1.680722843482356,27.303342592370875
1E1,52.0,5.502000000000001,SHWR,1.611,52.3585,1245.79,21.79,0.840361421741178,1.3538222504250377,7.448730021838558
1E7,53.0,7.513999999999999,SHWR,1.526,52.3905,1259.11,11.11,0.8402798297382985,1.2822670201806436,9.634954389637356
2D5,54.0,9.833,SHWR,1.411,52.426500000000004,1281.06,9.06,0.8401879389837551,1.1855051819060785,11.657072453682469
2D5,54.0,6.5,SHWR,2.0,52.426500000000004,1282.68,10.68,0.8401879389837551,1.6803758779675102,10.922443206788817
4D7,56.0,3.275,SHWR,2.0,52.522,1326.5,6.5,0.8399436601683793,1.6798873203367586,5.501630974102884
4D7,56.0,7.336,SHWR,1.632,52.522,1340.63,20.63,0.8399436601683793,1.370788053394795,10.056101159704216
4D7,56.0,7.205,SHWR,1.81,52.522,1340.63,20.63,0.8399436601683793,1.5202980249047666,10.953747269438844
2D3,57.0,2.705,SHWR,1.746,52.581500000000005,1350.21,6.21,0.839791087578202,1.4662752389115405,3.966274521255717
2D3,57.0,4.129,SHWR,2.0,52.581500000000005,1351.27,7.27,0.839791087578202,1.679582175156404,6.934994801220792
3D9,58.0,4.103,SHWR,1.3130000000000002,52.617,1368.21,0.21,0.8396999182469583,1.1025259926582565,4.523664147876826
3D9,58.0,4.227,SHWR,1.348,52.617,1376.8,8.8,0.8396999182469583,1.1319154897969,4.784606775371496
3D9,58.0,3.73,SHWR,1.146,52.617,1378.25,10.25,0.8396999182469583,0.9622961063110141,3.5893644765400827
3D9,58.0,4.973,SHWR,1.329,52.617,1382.01,14.01,0.8396999182469583,1.1159611913502077,5.549675004584582
1E5,60.0,7.119,SHWR,2.0,52.61750000000001,1434.01,18.01,0.8396986334308499,1.6793972668616999,11.95562914278844
2D8,61.0,5.47,SHWR,1.443,52.6215,1446.42,6.42,0.839688354160488,1.2116702950535843,6.627836513943105
2D8,61.0,3.8539999999999996,SHWR,2.0,52.6215,1451.12,11.12,0.839688354160488,1.679376708320976,6.472317833869041
2D8,61.0,7.957000000000001,SHWR,1.474,52.6215,1460.58,20.58,0.839688354160488,1.2377006340325594,9.848383944997076
4D6,62.0,7.211,SHWR,1.88,52.6075,1471.29,7.29,0.8397243258404455,1.5786817325800375,11.383873973634651
4D6,62.0,6.837999999999999,SHWR,1.84,52.6075,1475.3,11.3,0.8397243258404455,1.54509275954642,10.565344289778418
4D6,62.0,3.6060000000000003,SHWR,1.5830000000000002,52.6075,1476.82,12.82,0.8397243258404455,1.3292836078054255,4.793396689746365
4D6,62.0,8.081,SHWR,1.893,52.6075,1480.48,16.48,0.8397243258404455,1.5895981488159634,12.8455426405818
4D3,63.0,3.406,SHWR,1.405,52.638999999999996,1500.56,12.56,0.8396433668478697,1.1796989304212568,4.018054557014801
4D3,63.0,1.965,SHWR,1.8880000000000001,52.638999999999996,1508.61,20.61,0.8396433668478697,1.585246676608778,3.115009719536249
6D7,64.0,3.667,SHWR,2.0,52.618,1518.21,6.21,0.8396973485941457,1.6793946971882914,6.158340354589464
6D7,64.0,5.0,SHWR,1.446,52.618,1521.89,9.89,0.8396973485941457,1.2142023660671346,6.071011830335673
6D7,64.0,8.667,SHWR,2.0,52.618,1531.57,19.57,0.8396973485941457,1.6793946971882914,14.555313840530921
2D6,65.0,6.837999999999999,SHWR,2.0,52.579499999999996,1543.31,7.31,0.8397962207928485,1.679592441585697,11.485053115562996
6D2,68.0,4.833,SHWR,2.0,52.456500000000005,1615.6,7.6,0.840111282547347,1.680222565094694,8.120515657102656
2D9,70.0,12.237,SHWR,2.0,52.4805,1664.79,8.79,0.8400499044298179,1.6800998088596357,20.55938136101536
2D9,70.0,6.66,SHWR,2.0,52.4805,1674.04,18.04,0.8400499044298179,1.6800998088596357,11.189464727005173
2D0,71.0,3.9789999999999996,SHWR,2.0,52.5885,1701.08,21.08,0.8397731187361304,1.6795462374722607,6.682914478902124
5D6,72.0,5.371,SHWR,2.0,52.672,1709.91,5.91,0.8395584648953921,1.6791169297907842,9.018537029906303
5D6,72.0,10.612,SHWR,2.0,52.672,1714.91,10.91,0.8395584648953921,1.6791169297907842,17.8187888589398
5D6,72.0,3.537,SHWR,2.0,52.672,1720.68,16.68,0.8395584648953921,1.6791169297907842,5.939036580670003
1E9,74.0,6.287999999999999,SHWR,2.0,52.786500000000004,1768.02,16.02,0.839263182428251,1.678526364856502,10.554573782217684
4D2,75.0,6.832999999999999,SHWR,1.311,52.849,1783.93,7.93,0.8391015430162024,1.1000621228942413,7.51672448573635
2D4,77.0,4.476,SHWR,2.0,52.8825,1832.47,8.47,0.8390147703948163,1.6780295407896326,7.510860224574396
4D5,78.0,5.595,SHWR,2.0,52.90950000000001,1854.9,6.9,0.8389447661075365,1.677889532215073,9.387791932743333
4D5,78.0,6.341,SHWR,1.38,52.90950000000001,1855.18,7.18,0.8389447661075365,1.1577437772284003,7.341253291405287
2D3,79.0,2.705,SHWR,1.746,52.9405,1878.21,6.21,0.8388643156970327,1.464657095207019,3.9618974425349864
2D3,79.0,4.129,SHWR,2.0,52.9405,1879.27,7.27,0.8388643156970327,1.6777286313940654,6.927341519026095
1E8,80.0,8.908999999999999,SHWR,2.0,53.034000000000006,1909.22,13.22,0.8386211793564212,1.6772423587128424,14.942552173772711
2D7,82.0,5.502000000000001,SHWR,1.2329999999999999,53.242000000000004,1952.91,8.91,0.8380776579552447,1.0333497522588166,5.68549033692801
2D7,82.0,8.123,SHWR,1.237,53.242000000000004,1958.3,14.3,0.8380776579552447,1.0367020628906378,8.42113085686065
2D7,82.0,3.668,SHWR,1.881,53.242000000000004,1960.93,16.93,0.8380776579552447,1.5764240746138152,5.7823235056834745
2D1,83.0,5.5760000000000005,SHWR,2.0,53.254999999999995,1976.14,8.14,0.8380435662806706,1.6760871325613411,9.34586185116204
2D1,83.0,10.378,SHWR,1.916,53.254999999999995,1976.4,8.4,0.8380435662806706,1.6056914729937648,16.66386610672929
4D9,84.0,11.005,SHWR,1.464,53.23650000000001,2001.86,9.86,0.8380920770357897,1.226966800780396,13.502769642588259
4D9,84.0,13.100999999999999,SHWR,2.0,53.23650000000001,2010.84,18.84,0.8380920770357897,1.6761841540715794,21.95968860249176
4D9,84.0,4.8469999999999995,SHWR,2.0,53.23650000000001,2011.41,19.41,0.8380920770357897,1.6761841540715794,8.124464594784945
4D9,84.0,3.668,SHWR,2.0,53.23650000000001,2012.6,20.6,0.8380920770357897,1.6761841540715794,6.148243477134553
4D9,84.0,2.62,SHWR,2.0,53.23650000000001,2012.79,20.79,0.8380920770357897,1.6761841540715794,4.391602483667538
4D8,86.0,12.052999999999999,SHWR,1.585,53.269000000000005,2048.25,8.25,0.838006836111516,1.328240835236753,16.009286787108582
4D8,86.0,11.005,SHWR,1.614,53.269000000000005,2060.8,20.8,0.838006836111516,1.352543033483987,14.884736083491278
4D8,86.0,8.516,SHWR,1.575,53.269000000000005,2061.73,21.73,0.838006836111516,1.3198607668756377,11.239934290712931
2E4,87.0,4.476,SHWR,1.975,53.2645,2073.68,9.68,0.8380186440540693,1.655086822006787,7.408168615302378
2E4,87.0,2.86,SHWR,2.0,53.2645,2075.81,11.81,0.8380186440540693,1.6760372881081387,4.793466643989277
1E7,88.0,7.513999999999999,SHWR,1.526,53.24550000000001,2099.11,11.11,0.838068480839453,1.2788925017610053,9.609598258232193
4D2,89.0,6.832999999999999,SHWR,1.311,53.265,2119.93,7.93,0.8380173321454605,1.0986407224426986,7.507012056450959
3H9,90.0,15.18,SHWR,2.0,53.348,2147.22,11.22,0.8377992603646273,1.6755985207292545,25.435585544670083
3H9,90.0,8.829,SHWR,2.0,53.348,2151.81,15.81,0.8377992603646273,1.6755985207292545,14.793859339518589
5D2,91.0,2.611,SHWR,2.0,53.5985,2169.52,9.52,0.8371375292134557,1.6742750584269115,4.371532177552666
5D2,91.0,3.9789999999999996,SHWR,2.0,53.5985,2176.67,16.67,0.8371375292134557,1.6742750584269115,6.66194045748068
4D4,92.0,9.04,SHWR,2.0,53.6635,2191.6,7.6,0.8369649393101987,1.6739298786203973,15.13232610272839
4D4,92.0,5.632999999999999,SHWR,2.0,53.6635,2203.46,19.46,0.8369649393101987,1.6739298786203973,9.429247006268696
6D5,93.0,6.97,SHWR,1.4409999999999998,53.6965,2215.52,7.52,0.8368771766701738,1.2059400115817203,8.40540188072459
6D5,93.0,3.717,SHWR,2.0,53.6965,2217.1,9.1,0.8368771766701738,1.6737543533403476,6.2213449313660725
6D5,93.0,1.859,SHWR,2.0,53.6965,2217.31,9.31,0.8368771766701738,1.6737543533403476,3.1115093428597063
6D5,93.0,5.421,SHWR,2.0,53.6965,2228.55,20.55,0.8368771766701738,1.6737543533403476,9.073422349458024
1E9,94.0,6.287999999999999,SHWR,2.0,53.674,2248.02,16.02,0.8369370250790855,1.673874050158171,10.525320027394578
2E1,95.0,15.517999999999999,SHWR,2.0,53.658500000000004,2265.46,9.46,0.8369782284424084,1.6739564568848169,25.976456297938586
2E1,95.0,8.115,SHWR,2.0,53.658500000000004,2268.2,12.2,0.8369782284424084,1.6739564568848169,13.58415664762029
6D1,96.0,7.832999999999999,SHWR,2.0,53.706,2286.29,6.29,0.8368518941495089,1.6737037882990178,13.110121773746204
6D1,96.0,7.584,SHWR,1.935,53.706,2289.95,9.95,0.8368518941495089,1.6193084151792998,12.28083502071981
6D1,96.0,5.718999999999999,SHWR,1.8869999999999998,53.706,2290.14,10.14,0.8368518941495089,1.5791395242601232,9.031098939243643
6D1,96.0,5.222,SHWR,2.0,53.706,2293.38,13.38,0.8368518941495089,1.6737037882990178,8.740081182497471
6D1,96.0,13.055,SHWR,2.0,53.706,2298.0,18.0,0.8368518941495089,1.6737037882990178,21.850202956243677
6D1,96.0,3.73,SHWR,1.662,53.706,2300.3,20.3,0.8368518941495089,1.3908478480764837,5.187862473325284
4D1,97.0,15.833,SHWR,2.0,53.739,2310.41,6.41,0.836764009728865,1.67352801945773,26.496969132074238
4D1,97.0,13.5,SHWR,2.0,53.739,2310.81,6.81,0.836764009728865,1.67352801945773,22.592628262679355
6D4,98.0,3.013,SHWR,2.0,53.7615,2333.25,5.25,0.8367040342268345,1.673408068453669,5.041978510250904
6D4,98.0,11.005,SHWR,2.0,53.7615,2333.65,5.65,0.8367040342268345,1.673408068453669,18.41585579333263
6D4,98.0,9.957,SHWR,2.0,53.7615,2347.47,19.47,0.8367040342268345,1.673408068453669,16.66212413759318
4D3,99.0,3.406,SHWR,1.405,53.802,2364.56,12.56,0.8365959671884702,1.1754173338998006,4.0034714392627215
4D3,99.0,1.965,SHWR,1.8880000000000001,53.802,2372.61,20.61,0.8365959671884702,1.5794931860518318,3.1037041105918495
2E6,101.0,21.355999999999998,SHWR,1.3630000000000002,53.896,2406.78,6.78,0.8363445928253469,1.139937680020948,24.344509094527364
2E6,101.0,7.546,SHWR,1.3319999999999999,53.896,2418.46,18.46,0.8363445928253469,1.1140109976433619,8.40632698821681
2E7,102.0,8.827,SHWR,1.2930000000000001,53.894000000000005,2431.6,7.6,0.8363499492684843,1.0814004844041503,9.545522075835434
2E7,102.0,8.542,SHWR,1.229,53.894000000000005,2441.01,17.01,0.8363499492684843,1.0278740876509673,8.780100456714562
6D6,103.0,4.833,SHWR,2.0,53.9025,2454.26,6.26,0.8363271819632554,1.6726543639265108,8.083938540856828
6D6,103.0,3.667,SHWR,2.0,53.9025,2455.91,7.91,0.8363271819632554,1.6726543639265108,6.1336235525185145
6D6,103.0,9.833,SHWR,2.0,53.9025,2456.2,8.2,0.8363271819632554,1.6726543639265108,16.447210360489382
6D7,104.0,3.667,SHWR,2.0,53.9005,2478.21,6.21,0.8363325395461502,1.6726650790923003,6.133662845031465
6D7,104.0,5.0,SHWR,1.446,53.9005,2481.89,9.89,0.8363325395461502,1.209336852183733,6.046684260918665
6D7,104.0,8.667,SHWR,2.0,53.9005,2491.57,19.57,0.8363325395461502,1.6726650790923003,14.496988240492966
6D2,105.0,4.833,SHWR,2.0,53.86,2503.6,7.6,0.8364409551848218,1.6728819103696435,8.085038272816487
4D8,106.0,12.052999999999999,SHWR,1.585,53.829499999999996,2528.25,8.25,0.8365225067638813,1.325888173220752,15.980930151829721
4D8,106.0,11.005,SHWR,1.614,53.829499999999996,2540.8,20.8,0.8365225067638813,1.3501473259169046,14.858371321715536
4D8,106.0,8.516,SHWR,1.575,53.829499999999996,2541.73,21.73,0.8365225067638813,1.317522948153113,11.22002542647191
3E8,109.0,7.729,SHWR,1.829,53.9385,2600.3,8.3,0.8362306854564661,1.5294659236998764,11.821242124276345
3E8,109.0,5.632999999999999,SHWR,1.521,53.9385,2611.85,19.85,0.8362306854564661,1.2719068725792848,7.164651413239111
3D6,110.0,9.294,SHWR,2.0,53.95,2622.03,6.03,0.8361998361998362,1.6723996723996724,15.543282555282556
4D7,112.0,3.275,SHWR,2.0,53.784499999999994,2670.5,6.5,0.8366426803669006,1.6732853607338012,5.480009556403199
4D7,112.0,7.336,SHWR,1.632,53.784499999999994,2684.63,20.63,0.8366426803669006,1.3654008543587817,10.016580667576022
4D7,112.0,7.205,SHWR,1.81,53.784499999999994,2684.63,20.63,0.8366426803669006,1.51432325146409,10.910699026798769
4D5,113.0,5.595,SHWR,2.0,53.8065,2694.9,6.9,0.8365839509098189,1.6731679018196377,9.361374410680872
4D5,113.0,6.341,SHWR,1.38,53.8065,2695.18,7.18,0.8365839509098189,1.15448585225555,7.320594789152442
5D1,114.0,3.833,SHWR,2.0,53.89150000000001,2718.94,6.94,0.8363566443293486,1.6727132886586973,6.411510035428787
5D1,114.0,23.666999999999998,SHWR,1.851,53.89150000000001,2719.0,7.0,0.8363566443293486,1.5480961486536242,36.638791550185324
5D1,114.0,13.667,SHWR,1.643,53.89150000000001,2727.53,15.53,0.8363566443293486,1.3741339666331198,18.780288921974847
5D1,114.0,12.5,SHWR,1.405,53.89150000000001,2727.54,15.54,0.8363566443293486,1.175081085282735,14.688513566034187
2E8,115.0,9.171,SHWR,2.0,54.0535,2745.94,9.94,0.8359216690047829,1.6718433380095659,15.332475252885727
2E8,115.0,4.585,SHWR,2.0,54.0535,2754.28,18.28,0.8359216690047829,1.6718433380095659,7.66540170477386
2E8,115.0,6.157,SHWR,2.0,54.0535,2757.28,21.28,0.8359216690047829,1.6718433380095659,10.293539432124897
2D6,117.0,6.837999999999999,SHWR,2.0,54.191500000000005,2791.31,7.31,0.8355493064291999,1.6710986128583998,11.426972314725736
4D6,118.0,7.211,SHWR,1.88,54.227500000000006,2815.29,7.29,0.8354518902464108,1.570649553663252,11.325953931465712
4D6,118.0,6.837999999999999,SHWR,1.84,54.227500000000006,2819.3,11.3,0.8354518902464108,1.5372314780533958,10.511588846929119
4D6,118.0,3.6060000000000003,SHWR,1.5830000000000002,54.227500000000006,2820.82,12.82,0.8354518902464108,1.3225203422600684,4.769008354189807
4D6,118.0,8.081,SHWR,1.893,54.227500000000006,2824.48,16.48,0.8354518902464108,1.5815104282364556,12.780185770578797
2D5,119.0,9.833,SHWR,1.411,54.33,2841.06,9.06,0.8351738915444207,1.1784303609691775,11.587505739409924
2D5,119.0,6.5,SHWR,2.0,54.33,2842.68,10.68,0.8351738915444207,1.6703477830888414,10.85726059007747
6D9,120.0,13.0,SHWR,2.0,54.397000000000006,2862.53,6.53,0.8349916670791875,1.669983334158375,21.709783344058874
6D9,120.0,4.167,SHWR,1.9340000000000002,54.397000000000006,2868.47,12.47,0.8349916670791875,1.6148738841311487,6.729179475174496
6D9,120.0,9.667,SHWR,1.355,54.397000000000006,2870.59,14.59,0.8349916670791875,1.131413708892299,10.937376323861855
6D9,120.0,7.167000000000001,SHWR,1.8869999999999998,54.397000000000006,2879.24,23.24,0.8349916670791875,1.5756292757784267,11.292535019503985
2D9,121.0,12.237,SHWR,2.0,54.4435,2888.79,8.79,0.8348649608217119,1.6697299216434238,20.43248505115058
2D9,121.0,6.66,SHWR,2.0,54.4435,2898.04,18.04,0.8348649608217119,1.6697299216434238,11.120401278145202
1E1,122.0,16.245,SHWR,2.0,54.3425,2912.79,8.79,0.8351399249886658,1.6702798499773317,27.133696162881755
1E1,122.0,5.502000000000001,SHWR,1.611,54.3425,2925.79,21.79,0.8351399249886658,1.3454104191567406,7.402448126200388
2D0,124.0,3.9789999999999996,SHWR,2.0,54.533,2973.08,21.08,0.8346205368217374,1.6692410736434748,6.641910232027386
6D8,125.0,4.337,SHWR,1.995,54.66,2981.02,5.02,0.8342724560822009,1.6643735498839909,7.218388085846868
6D8,125.0,15.489,SHWR,1.361,54.66,2987.79,11.79,0.8342724560822009,1.1354448127278753,17.58690470434206
6D8,125.0,10.378,SHWR,1.571,54.66,2994.38,18.38,0.8342724560822009,1.3106420285051377,13.601842971826319
6D8,125.0,11.307,SHWR,1.297,54.66,2995.72,19.72,0.8342724560822009,1.0820513755386145,12.234754903215116
6D8,125.0,7.9,SHWR,1.48,54.66,2997.78,21.78,0.8342724560822009,1.2347232350016573,9.754313556513093
6D1,126.0,7.832999999999999,SHWR,2.0,54.75150000000001,3006.29,6.29,0.8340207640024233,1.6680415280048466,13.065769288861963
6D1,126.0,7.584,SHWR,1.935,54.75150000000001,3009.95,9.95,0.8340207640024233,1.6138301783446891,12.239288072566122
6D1,126.0,5.718999999999999,SHWR,1.8869999999999998,54.75150000000001,3010.14,10.14,0.8340207640024233,1.5737971816725727,9.000546081985442
6D1,126.0,5.222,SHWR,2.0,54.75150000000001,3013.38,13.38,0.8340207640024233,1.6680415280048466,8.71051285924131
6D1,126.0,13.055,SHWR,2.0,54.75150000000001,3018.0,18.0,0.8340207640024233,1.6680415280048466,21.776282148103274
6D1,126.0,3.73,SHWR,1.662,54.75150000000001,3020.3,20.3,0.8340207640024233,1.3861425097720275,5.170311561449663
2D8,127.0,5.47,SHWR,1.443,54.8325,3030.42,6.42,0.8337973158266506,1.2031695267378568,6.5813373112560765
2D8,127.0,3.8539999999999996,SHWR,2.0,54.8325,3035.12,11.12,0.8337973158266506,1.6675946316533012,6.426909710391822
2D8,127.0,7.957000000000001,SHWR,1.474,54.8325,3044.58,20.58,0.8337973158266506,1.229017243528483,9.77929020675614
6D2,128.0,4.833,SHWR,2.0,54.9345,3055.6,7.6,0.8335150793716859,1.6670301587433718,8.056756757206717
1E8,129.0,8.908999999999999,SHWR,2.0,55.0295,3085.22,13.22,0.8332513485797184,1.6665026971594368,14.846872528993421
1E5,130.0,7.119,SHWR,2.0,55.135000000000005,3114.01,18.01,0.8329574876806147,1.6659149753612295,11.859648709596591
6D4,131.0,3.013,SHWR,2.0,55.22999999999999,3125.25,5.25,0.8326919859461268,1.6653839718922536,5.01780190731136
6D4,131.0,11.005,SHWR,2.0,55.22999999999999,3125.65,5.65,0.8326919859461268,1.6653839718922536,18.32755061067425
6D4,131.0,9.957,SHWR,2.0,55.22999999999999,3139.47,19.47,0.8326919859461268,1.6653839718922536,16.58222820813117
4D9,132.0,11.005,SHWR,1.464,55.3075,3153.86,9.86,0.8324747665117058,1.2187430581731373,13.412267355195377
4D9,132.0,13.100999999999999,SHWR,2.0,55.3075,3162.84,18.84,0.8324747665117058,1.6649495330234116,21.812503832139715
4D9,132.0,4.8469999999999995,SHWR,2.0,55.3075,3163.41,19.41,0.8324747665117058,1.6649495330234116,8.070010386564476
4D9,132.0,3.668,SHWR,2.0,55.3075,3164.6,20.6,0.8324747665117058,1.6649495330234116,6.107034887129874
4D9,132.0,2.62,SHWR,2.0,55.3075,3164.79,20.79,0.8324747665117058,1.6649495330234116,4.362167776521338
2D7,133.0,5.502000000000001,SHWR,1.2329999999999999,55.430499999999995,3176.91,8.91,0.8321288578886846,1.026014881776748,5.645133879535669
2D7,133.0,8.123,SHWR,1.237,55.430499999999995,3182.3,14.3,0.8321288578886846,1.029343397208303,8.361356415523044
2D7,133.0,3.668,SHWR,1.881,55.430499999999995,3184.93,16.93,0.8321288578886846,1.5652343816886158,5.741279712033843
4D2,135.0,6.832999999999999,SHWR,1.311,55.623999999999995,3223.93,7.93,0.8315817838857451,1.0902037186742117,7.449362009700888
5D8,138.0,7.59,SHWR,1.8419999999999999,55.9155,3294.99,6.99,0.8307508737486142,1.5302431094449473,11.61454520068715
5D8,138.0,12.237,SHWR,1.984,55.9155,3295.37,7.37,0.8307508737486142,1.6482097335172505,20.169142509050594
5D8,138.0,11.307,SHWR,1.765,55.9155,3309.59,21.59,0.8307508737486142,1.466275292166304,16.5791747285244
2D9,139.0,12.237,SHWR,2.0,55.965,3320.79,8.79,0.8306089607859745,1.661217921571949,20.32832370627594
2D9,139.0,6.66,SHWR,2.0,55.965,3330.04,18.04,0.8306089607859745,1.661217921571949,11.06371135766918
4D1,140.0,15.833,SHWR,2.0,56.116,3342.41,6.41,0.830174580531214,1.660349161062428,26.28830826710142
4D1,140.0,13.5,SHWR,2.0,56.116,3342.81,6.81,0.830174580531214,1.660349161062428,22.414713674342778
2D1,141.0,5.5760000000000005,SHWR,2.0,56.291,3368.14,8.14,0.8296683643053024,1.6593367286106049,9.252461598732733
2D1,141.0,10.378,SHWR,1.916,56.291,3368.4,8.4,0.8296683643053024,1.5896445860089594,16.49733151360098
3D1,142.0,4.103,SHWR,1.635,56.462999999999994,3391.9,7.9,0.8291678767275399,1.3556894784495277,5.562393930078412
3D1,142.0,4.725,SHWR,2.0,56.462999999999994,3400.57,16.57,0.8291678767275399,1.6583357534550798,7.835636435075251
3D1,142.0,6.837999999999999,SHWR,2.0,56.462999999999994,3401.16,17.16,0.8291678767275399,1.6583357534550798,11.339699882125835
3D1,142.0,4.973,SHWR,2.0,56.462999999999994,3405.5,21.5,0.8291678767275399,1.6583357534550798,8.246903701932112
2E2,143.0,6.122000000000001,SHWR,1.355,56.596000000000004,3416.71,8.71,0.8287788507636463,1.1229953427847408,6.874977488528184
4E4,144.0,6.681,SHWR,1.839,56.691,3441.01,9.01,0.8284998885249275,1.5236112949973417,10.17924706187724
4E4,144.0,4.585,SHWR,1.781,56.691,3446.28,14.28,0.8284998885249275,1.475558301462896,6.765434812207378
4E4,144.0,6.287999999999999,SHWR,1.9669999999999999,56.691,3453.91,21.91,0.8284998885249275,1.6296592807285324,10.24729755722101
4D7,146.0,3.275,SHWR,2.0,56.751,3486.5,6.5,0.8283232330168758,1.6566464660337517,5.425517176260536
4D7,146.0,7.336,SHWR,1.632,56.751,3500.63,20.63,0.8283232330168758,1.3518235162835412,9.916977315456059
4D7,146.0,7.205,SHWR,1.81,56.751,3500.63,20.63,0.8283232330168758,1.4992650517605453,10.802204697934728
4D8,147.0,12.052999999999999,SHWR,1.585,56.8215,3512.25,8.25,0.8281151971948401,1.3125625875538214,15.820316867786207
4D8,147.0,11.005,SHWR,1.614,56.8215,3524.8,20.8,0.8281151971948401,1.336577928272472,14.709040100638555
4D8,147.0,8.516,SHWR,1.575,56.8215,3525.73,21.73,0.8281151971948401,1.304281435581873,11.10726070541523
6D8,148.0,4.337,SHWR,1.995,57.021,3533.02,5.02,0.8275237586022526,1.650909898411494,7.159996229410649
6D8,148.0,15.489,SHWR,1.361,57.021,3539.79,11.79,0.8275237586022526,1.1262598354576658,17.444638591403788
6D8,148.0,10.378,SHWR,1.571,57.021,3546.38,18.38,0.8275237586022526,1.3000398247641387,13.491813301402232
6D8,148.0,11.307,SHWR,1.297,57.021,3547.72,19.72,0.8275237586022526,1.0732983149071216,12.135784046654823
6D8,148.0,7.9,SHWR,1.48,57.021,3549.78,21.78,0.8275237586022526,1.2247351627313339,9.675407785577539
2D3,149.0,2.705,SHWR,1.746,57.2245,3558.21,6.21,0.8269162534292217,1.4437957784874211,3.9054675808084744
2D3,149.0,4.129,SHWR,2.0,57.2245,3559.27,7.27,0.8269162534292217,1.6538325068584434,6.828674420818512
2D0,153.0,3.9789999999999996,SHWR,2.0,57.4735,3669.08,21.08,0.8261670708282269,1.6523341416564539,6.57463754965103
4D9,154.0,11.005,SHWR,1.464,57.488,3681.86,9.86,0.8261232438447629,1.2094444289887327,13.309935941021005
4D9,154.0,13.100999999999999,SHWR,2.0,57.488,3690.84,18.84,0.8261232438447629,1.6522464876895258,21.646081235220475
4D9,154.0,4.8469999999999995,SHWR,2.0,57.488,3691.41,19.41,0.8261232438447629,1.6522464876895258,8.00843872583113
4D9,154.0,3.668,SHWR,2.0,57.488,3692.6,20.6,0.8261232438447629,1.6522464876895258,6.0604401168451805
4D9,154.0,2.62,SHWR,2.0,57.488,3692.79,20.79,0.8261232438447629,1.6522464876895258,4.328885797746557
4D4,155.0,9.04,SHWR,2.0,57.5265,3703.6,7.6,0.8260067683367117,1.6520135366734234,14.934202371527746
4D4,155.0,5.632999999999999,SHWR,2.0,57.5265,3715.46,19.46,0.8260067683367117,1.6520135366734234,9.305792252081392
6D9,156.0,13.0,SHWR,2.0,57.653,3726.53,6.53,0.825622961968368,1.651245923936736,21.46619701117757
6D9,156.0,4.167,SHWR,1.9340000000000002,57.653,3732.47,12.47,0.825622961968368,1.596754808446824,6.653677286797915
6D9,156.0,9.667,SHWR,1.355,57.653,3734.59,14.59,0.825622961968368,1.1187191134671386,10.814657669886829
6D9,156.0,7.167000000000001,SHWR,1.8869999999999998,57.653,3743.24,23.24,0.825622961968368,1.5579505292343103,11.165831443022304
4D6,159.0,7.211,SHWR,1.88,58.0315,3799.29,7.29,0.8244643969913198,1.5499930663436812,11.177000001404286
4D6,159.0,6.837999999999999,SHWR,1.84,58.0315,3803.3,11.3,0.8244643969913198,1.5170144904640286,10.373345085793026
4D6,159.0,3.6060000000000003,SHWR,1.5830000000000002,58.0315,3804.82,12.82,0.8244643969913198,1.3051271404372593,4.706288468416758
4D6,159.0,8.081,SHWR,1.893,58.0315,3808.48,16.48,0.8244643969913198,1.5607111035045684,12.612106427420416
4D3,160.0,3.406,SHWR,1.405,58.168000000000006,3828.56,12.56,0.8240427927927928,1.1577801238738739,3.9433991019144146
4D3,160.0,1.965,SHWR,1.8880000000000001,58.168000000000006,3836.61,20.61,0.8240427927927928,1.5557927927927928,3.057132837837838
2D4,161.0,4.476,SHWR,2.0,58.361000000000004,3848.47,8.47,0.8234432105086601,1.6468864210173202,7.371463620473525
5D5,163.0,4.973,SHWR,2.0,58.701,3895.43,7.43,0.822376951633244,1.644753903266488,8.179361160944245
5D5,163.0,4.849,SHWR,2.0,58.701,3906.6,18.6,0.822376951633244,1.644753903266488,7.9754116769392
5D5,163.0,1.492,SHWR,1.42,58.701,3906.91,18.91,0.822376951633244,1.1677752713192064,1.742320704808256
5D5,163.0,4.476,SHWR,2.0,58.701,3906.96,18.96,0.822376951633244,1.644753903266488,7.3619184710208
1E1,165.0,16.245,SHWR,2.0,58.7645,3944.79,8.79,0.8221763832454588,1.6443527664909177,26.712510691644958
1E1,165.0,5.502000000000001,SHWR,1.611,58.7645,3957.79,21.79,0.8221763832454588,1.3245261534084343,7.287542896053206
2D8,166.0,5.47,SHWR,1.443,58.8275,3966.42,6.42,0.8219769460145089,1.1861127330989363,6.488036650051181
2D8,166.0,3.8539999999999996,SHWR,2.0,58.8275,3971.12,11.12,0.8219769460145089,1.6439538920290178,6.3357982998798335
2D8,166.0,7.957000000000001,SHWR,1.474,58.8275,3980.58,20.58,0.8219769460145089,1.2115940184253862,9.6406536046108
4D5,167.0,5.595,SHWR,2.0,58.884,3990.9,6.9,0.8217977047544373,1.6435954095088745,9.195916316202153
4D5,167.0,6.341,SHWR,1.38,58.884,3991.18,7.18,0.8217977047544373,1.1340808325611234,7.191206559270084
4D6,168.0,7.211,SHWR,1.88,58.944,4015.29,7.29,0.8216069644641073,1.5446210931925217,11.138262703011275
4D6,168.0,6.837999999999999,SHWR,1.84,58.944,4019.3,11.3,0.8216069644641073,1.5117568146139575,10.33739309833024
4D6,168.0,3.6060000000000003,SHWR,1.5830000000000002,58.944,4020.82,12.82,0.8216069644641073,1.300603824746682,4.6899773920365355
4D6,168.0,8.081,SHWR,1.893,58.944,4024.48,16.48,0.8216069644641073,1.555301983730555,12.568395330526615
2D5,169.0,9.833,SHWR,1.411,59.028,4041.06,9.06,0.821339241049096,1.1589096691202745,11.395558776459659
2D5,169.0,6.5,SHWR,2.0,59.028,4042.68,10.68,0.821339241049096,1.642678482098192,10.677410133638247
4D8,170.0,12.052999999999999,SHWR,1.585,59.074,4064.25,8.25,0.8211922898115367,1.3015897793512856,15.688061610521045
4D8,170.0,11.005,SHWR,1.614,59.074,4076.8,20.8,0.8211922898115367,1.3254043557558204,14.586074935092805
4D8,170.0,8.516,SHWR,1.575,59.074,4077.73,21.73,0.8211922898115367,1.2933778564531702,11.014405825555198
1E8,171.0,8.908999999999999,SHWR,2.0,59.0535,4093.22,13.22,0.8212578087994781,1.6425156175989561,14.633171637189099
1E5,172.0,7.119,SHWR,2.0,59.001000000000005,4122.01,18.01,0.8214253825961177,1.6428507651922355,11.695454597403524
4D9,173.0,11.005,SHWR,1.464,58.963,4137.86,9.86,0.8215464782197477,1.2027440441137105,13.236198205471386
4D9,173.0,13.100999999999999,SHWR,2.0,58.963,4146.84,18.84,0.8215464782197477,1.6430929564394954,21.526160822313827
4D9,173.0,4.8469999999999995,SHWR,2.0,58.963,4147.41,19.41,0.8215464782197477,1.6430929564394954,7.964071559862234
4D9,173.0,3.668,SHWR,2.0,58.963,4148.6,20.6,0.8215464782197477,1.6430929564394954,6.026864964220069
4D9,173.0,2.62,SHWR,2.0,58.963,4148.79,20.79,0.8215464782197477,1.6430929564394954,4.304903545871478
2D6,174.0,6.837999999999999,SHWR,2.0,58.97749999999999,4159.31,7.31,0.8215002900620286,1.6430005801240573,11.234837966888302
4D2,175.0,6.832999999999999,SHWR,1.311,59.013,4183.93,7.93,0.8213871077214353,1.0768384982228016,7.358037458356403
4D3,176.0,3.406,SHWR,1.405,59.083,4212.56,12.56,0.8211635102026218,1.1537347318346836,3.9296204966289325
4D3,176.0,1.965,SHWR,1.8880000000000001,59.083,4220.61,20.61,0.8211635102026218,1.5503567072625501,3.046450929770911
1E9,178.0,6.287999999999999,SHWR,2.0,59.119,4264.02,16.02,0.8210482990640826,1.6420965981281652,10.325503409029903
1E7,179.0,7.513999999999999,SHWR,1.526,59.070499999999996,4283.11,11.11,0.8212034793802913,1.2531565095343244,9.416218012640913
4D7,180.0,3.275,SHWR,2.0,59.007999999999996,4302.5,6.5,0.8214030575796543,1.6428061151593085,5.380190027146735
4D7,180.0,7.336,SHWR,1.632,59.007999999999996,4316.63,20.63,0.8214030575796543,1.3405297899699957,9.83412653921989
4D7,180.0,7.205,SHWR,1.81,59.007999999999996,4316.63,20.63,0.8214030575796543,1.4867395342191743,10.711958344049151
2D3,182.0,2.705,SHWR,1.746,59.205,4350.21,6.21,0.8207724706514921,1.4330687337575052,3.8764509248140517
2D3,182.0,4.129,SHWR,2.0,59.205,4351.27,7.27,0.8207724706514921,1.6415449413029841,6.777939062640021
4D4,183.0,9.04,SHWR,2.0,59.3455,4375.6,7.6,0.8203200100620794,1.6406400201241589,14.831385781922394
4D4,183.0,5.632999999999999,SHWR,2.0,59.3455,4387.46,19.46,0.8203200100620794,1.6406400201241589,9.241725233359386
2D7,188.0,5.502000000000001,SHWR,1.2329999999999999,59.4925,4496.91,8.91,0.8198441652029005,1.0108678556951762,5.561794942034861
2D7,188.0,8.123,SHWR,1.237,59.4925,4502.3,14.3,0.8198441652029005,1.014147232355988,8.23791796842769
2D7,188.0,3.668,SHWR,1.881,59.4925,4504.93,16.93,0.8198441652029005,1.5421268747466559,5.656521376570734
4D5,189.0,5.595,SHWR,2.0,59.525,4518.9,6.9,0.8197386210004507,1.6394772420009014,9.172875168995043
4D5,189.0,6.341,SHWR,1.38,59.525,4519.18,7.18,0.8197386210004507,1.131239296980622,7.173188382154124
2D4,190.0,4.476,SHWR,2.0,59.6445,4544.47,8.47,0.8193494774683636,1.6386989549367272,7.334816522296791
6D7,191.0,3.667,SHWR,2.0,59.7855,4566.21,6.21,0.8188881543797372,1.6377763087594743,6.0057257242209925
6D7,191.0,5.0,SHWR,1.446,59.7855,4569.89,9.89,0.8188881543797372,1.1841122712330998,5.920561356165499
6D7,191.0,8.667,SHWR,2.0,59.7855,4579.57,19.57,0.8188881543797372,1.6377763087594743,14.194607268018364
1E5,193.0,7.119,SHWR,2.0,59.7345,4626.01,18.01,0.8190552876568564,1.6381105753137128,11.66170918565832
4D1,194.0,15.833,SHWR,2.0,59.76349999999999,4638.41,6.41,0.8189602889393789,1.6379205778787578,25.93319650955437
4D1,194.0,13.5,SHWR,2.0,59.76349999999999,4638.81,6.81,0.8189602889393789,1.6379205778787578,22.11192780136323
4D3,196.0,3.406,SHWR,1.405,59.89149999999999,4692.56,12.56,0.8185397896876163,1.150048404511101,3.9170648657648104
4D3,196.0,1.965,SHWR,1.8880000000000001,59.89149999999999,4700.61,20.61,0.8185397896876163,1.5454031229302196,3.036717136557882
4D6,197.0,7.211,SHWR,1.88,59.9275,4711.29,7.29,0.8184211720913341,1.5386318035317081,11.095073935267148
4D6,197.0,6.837999999999999,SHWR,1.84,59.9275,4715.3,11.3,0.8184211720913341,1.5058949566480548,10.297309713559399
4D6,197.0,3.6060000000000003,SHWR,1.5830000000000002,59.9275,4716.82,12.82,0.8184211720913341,1.2955607154205822,4.67179193980662
4D6,197.0,8.081,SHWR,1.893,59.9275,4720.48,16.48,0.8184211720913341,1.5492712787688956,12.519661203731445
4D5,198.0,5.595,SHWR,2.0,59.974000000000004,4734.9,6.9,0.8182677279831352,1.6365354559662704,9.156415876131282
4D5,198.0,6.341,SHWR,1.38,59.974000000000004,4735.18,7.18,0.8182677279831352,1.1292094646167266,7.160317215134663
1E1,200.0,16.245,SHWR,2.0,60.0185,4784.79,8.79,0.8181206405791038,1.6362412811582077,26.580739612415083
1E1,200.0,5.502000000000001,SHWR,1.611,60.0185,4797.79,21.79,0.8181206405791038,1.3179923519729362,7.251593920555096
6D5,201.0,6.97,SHWR,1.4409999999999998,60.0615,4807.52,7.52,0.8179782848093777,1.178706708410313,8.215585757619882
6D5,201.0,3.717,SHWR,2.0,60.0615,4809.1,9.1,0.8179782848093777,1.6359565696187555,6.080850569272914
6D5,201.0,1.859,SHWR,2.0,60.0615,4809.31,9.31,0.8179782848093777,1.6359565696187555,3.0412432629212662
6D5,201.0,5.421,SHWR,2.0,60.0615,4820.55,20.55,0.8179782848093777,1.6359565696187555,8.868520563903274
4D4,202.0,9.04,SHWR,2.0,60.1185,4831.6,7.6,0.8177892368102184,1.6355784736204368,14.785629401528748
4D4,202.0,5.632999999999999,SHWR,2.0,60.1185,4843.46,19.46,0.8177892368102184,1.6355784736204368,9.213213541903919
6D6,203.0,4.833,SHWR,2.0,60.2355,4854.26,6.26,0.8173999580019904,1.6347999160039808,7.90098799404724
6D6,203.0,3.667,SHWR,2.0,60.2355,4855.91,7.91,0.8173999580019904,1.6347999160039808,5.994811291986597
6D6,203.0,9.833,SHWR,2.0,60.2355,4856.2,8.2,0.8173999580019904,1.6347999160039808,16.074987574067144
6D1,205.0,7.832999999999999,SHWR,2.0,60.4585,4902.29,6.29,0.8166533740362842,1.6333067480725685,12.793691757652427
6D1,205.0,7.584,SHWR,1.935,60.4585,4905.95,9.95,0.8166533740362842,1.58022427876021,11.984420930117432
6D1,205.0,5.718999999999999,SHWR,1.8869999999999998,60.4585,4906.14,10.14,0.8166533740362842,1.5410249168064682,8.81312149921619
6D1,205.0,5.222,SHWR,2.0,60.4585,4909.38,13.38,0.8166533740362842,1.6333067480725685,8.529127838434952
6D1,205.0,13.055,SHWR,2.0,60.4585,4914.0,18.0,0.8166533740362842,1.6333067480725685,21.32281959608738
6D1,205.0,3.73,SHWR,1.662,60.4585,4916.3,20.3,0.8166533740362842,1.3572779076483044,5.062646595528175
1E7,207.0,7.513999999999999,SHWR,1.526,60.5875,4955.11,11.11,0.8162186997473008,1.245549735814381,9.359060714909258
5D7,208.0,6.7139999999999995,SHWR,2.0,60.6485,4975.02,7.02,0.816012437559221,1.632024875118442,10.95741501154522
5D7,208.0,10.817,SHWR,2.0,60.6485,4976.37,8.37,0.816012437559221,1.632024875118442,17.653613074156187
5D7,208.0,8.579,SHWR,2.0,60.6485,4979.14,11.14,0.816012437559221,1.632024875118442,14.001141403641116
5D7,208.0,7.087000000000001,SHWR,2.0,60.6485,4989.96,21.96,0.816012437559221,1.632024875118442,11.5661602899644
4D7,209.0,3.275,SHWR,2.0,60.712999999999994,4998.5,6.5,0.8157938364617681,1.6315876729235361,5.3434496288245805
4D7,209.0,7.336,SHWR,1.632,60.712999999999994,5012.63,20.63,0.8157938364617681,1.3313755411056054,9.766970969550721
4D7,209.0,7.205,SHWR,1.81,60.712999999999994,5012.63,20.63,0.8157938364617681,1.4765868439958003,10.638808210989742
4D9,210.0,11.005,SHWR,1.464,60.798500000000004,5025.86,9.86,0.8155032609798621,1.193896774074518,13.138833998690073
4D9,210.0,13.100999999999999,SHWR,2.0,60.798500000000004,5034.84,18.84,0.8155032609798621,1.6310065219597243,21.367816444194347
4D9,210.0,4.8469999999999995,SHWR,2.0,60.798500000000004,5035.41,19.41,0.8155032609798621,1.6310065219597243,7.905488611938783
4D9,210.0,3.668,SHWR,2.0,60.798500000000004,5036.6,20.6,0.8155032609798621,1.6310065219597243,5.982531922548269
4D9,210.0,2.62,SHWR,2.0,60.798500000000004,5036.79,20.79,0.8155032609798621,1.6310065219597243,4.273237087534477
3D2,211.0,9.04,SHWR,1.7069999999999999,60.87,5048.15,8.15,0.8152595603177536,1.3916480694624052,12.580498547940142
2D1,212.0,5.5760000000000005,SHWR,2.0,60.889,5072.14,8.14,0.8151946923915655,1.630389384783131,9.09105120955074
2D1,212.0,10.378,SHWR,1.916,60.889,5072.4,8.4,0.8151946923915655,1.5619130306222395,16.209533431797603
1E9,214.0,6.287999999999999,SHWR,2.0,60.829499999999996,5128.02,16.02,0.8153976795488319,1.6307953590976638,10.254441218006109
6D4,215.0,3.013,SHWR,2.0,60.821,5141.25,5.25,0.8154266413185921,1.6308532826371842,4.913760940585836
6D4,215.0,11.005,SHWR,2.0,60.821,5141.65,5.65,0.8154266413185921,1.6308532826371842,17.947540375422214
6D4,215.0,9.957,SHWR,2.0,60.821,5155.47,19.47,0.8154266413185921,1.6308532826371842,16.238406135218444
6D6,216.0,4.833,SHWR,2.0,60.8615,5166.26,6.26,0.8152885654386435,1.630577130877287,7.8805792735299285
6D6,216.0,3.667,SHWR,2.0,60.8615,5167.91,7.91,0.8152885654386435,1.630577130877287,5.979326338927011
6D6,216.0,9.833,SHWR,2.0,60.8615,5168.2,8.2,0.8152885654386435,1.630577130877287,16.033464927916363
4D8,217.0,12.052999999999999,SHWR,1.585,60.950500000000005,5192.25,8.25,0.8149844124367478,1.2917502937122451,15.56946629011369
4D8,217.0,11.005,SHWR,1.614,60.950500000000005,5204.8,20.8,0.8149844124367478,1.315384841672911,14.475810182610386
4D8,217.0,8.516,SHWR,1.575,60.950500000000005,5205.73,21.73,0.8149844124367478,1.2836004495878777,10.931141428690367
2D9,218.0,12.237,SHWR,2.0,61.036500000000004,5216.79,8.79,0.814689558683184,1.629379117366368,19.938712259212245
2D9,218.0,6.66,SHWR,2.0,61.036500000000004,5226.04,18.04,0.814689558683184,1.629379117366368,10.851664921660012
4D1,219.0,15.833,SHWR,2.0,61.090999999999994,5238.41,6.41,0.8145022166985105,1.629004433397021,25.792027193975034
4D1,219.0,13.5,SHWR,2.0,61.090999999999994,5238.81,6.81,0.8145022166985105,1.629004433397021,21.991559850859783
1E8,220.0,8.908999999999999,SHWR,2.0,61.1455,5269.22,13.22,0.8143144955389058,1.6286289910778116,14.509455681512222
2D8,222.0,5.47,SHWR,1.443,61.05200000000001,5310.42,6.42,0.8146363164528805,1.1755202046415065,6.430095519389041
2D8,222.0,3.8539999999999996,SHWR,2.0,61.05200000000001,5315.12,11.12,0.8146363164528805,1.629272632905761,6.279216727218802
2D8,222.0,7.957000000000001,SHWR,1.474,61.05200000000001,5324.58,20.58,0.8146363164528805,1.200773930451546,9.554558164602952
2D6,224.0,6.837999999999999,SHWR,2.0,61.0425,5359.31,7.31,0.8146689524162536,1.6293379048325072,11.141412593244683
4D2,225.0,6.832999999999999,SHWR,1.311,61.0445,5383.93,7.93,0.8146620826421773,1.0680219903438943,7.297794260019829
2D0,226.0,3.9789999999999996,SHWR,2.0,61.0715,5421.08,21.08,0.8145692908202528,1.6291385816405055,6.482342416347571
1E8,227.0,8.908999999999999,SHWR,2.0,61.084500000000006,5437.22,13.22,0.8145245801300183,1.6290491602600365,14.513198968756663
2E7,228.0,8.827,SHWR,1.2930000000000001,61.1185,5455.6,7.6,0.8144075424774737,1.0530289524233736,9.295086563041119
2E7,228.0,8.542,SHWR,1.229,61.1185,5465.01,17.01,0.8144075424774737,1.0009068697048153,8.549746481018532
5D3,229.0,6.832999999999999,SHWR,1.218,61.163,5478.77,6.77,0.8142541374890875,0.9917615394617085,6.776706599141853
6D7,230.0,3.667,SHWR,2.0,61.2075,5502.21,6.21,0.8141004786912673,1.6282009573825347,5.970612910721754
6D7,230.0,5.0,SHWR,1.446,61.2075,5505.89,9.89,0.8141004786912673,1.1771892921875726,5.885946460937863
6D7,230.0,8.667,SHWR,2.0,61.2075,5515.57,19.57,0.8141004786912673,1.6282009573825347,14.111617697634427
2D5,231.0,9.833,SHWR,1.411,61.2415,5529.06,9.06,0.8139829050289722,1.1485298789958798,11.293494300166486
2D5,231.0,6.5,SHWR,2.0,61.2415,5530.68,10.68,0.8139829050289722,1.6279658100579444,10.58177776537664
4D1,232.0,15.833,SHWR,2.0,61.209,5550.41,6.41,0.8140952947519101,1.6281905895038202,25.779141603613986
4D1,232.0,13.5,SHWR,2.0,61.209,5550.81,6.81,0.8140952947519101,1.6281905895038202,21.980572958301572
1E9,234.0,6.287999999999999,SHWR,2.0,61.134499999999996,5608.02,16.02,0.8143524148109643,1.6287048296219286,10.241295968662687
2E8,235.0,9.171,SHWR,2.0,61.165000000000006,5625.94,9.94,0.8142472369276493,1.6284944738552987,14.934922819726943
2E8,235.0,4.585,SHWR,2.0,61.165000000000006,5634.28,18.28,0.8142472369276493,1.6284944738552987,7.466647162626544
2E8,235.0,6.157,SHWR,2.0,61.165000000000006,5637.28,21.28,0.8142472369276493,1.6284944738552987,10.026640475527074
5D4,236.0,7.335,SHWR,2.0,61.203,5651.63,11.63,0.8141160287748387,1.6282320575496774,11.943082142126883
5D4,236.0,5.968,SHWR,1.2590000000000001,61.203,5659.03,19.03,0.8141160287748387,1.024972080227522,6.117033374797851
2D6,237.0,6.837999999999999,SHWR,2.0,61.188500000000005,5671.31,7.31,0.8141661169080958,1.6283322338161916,11.134535814835116
4D3,238.0,3.406,SHWR,1.405,61.223,5700.56,12.56,0.8140468973724827,1.1437358908083382,3.8955644440932
4D3,238.0,1.965,SHWR,1.8880000000000001,61.223,5708.61,20.61,0.8140468973724827,1.5369205422392473,3.020048865500121
2D4,239.0,4.476,SHWR,2.0,61.2365,5720.47,8.47,0.814000204599775,1.62800040919955,7.2869298315771855
4D8,240.0,12.052999999999999,SHWR,1.585,61.257000000000005,5744.25,8.25,0.8139292559030943,1.2900778706064044,15.549308574418992
4D8,240.0,11.005,SHWR,1.614,61.257000000000005,5756.8,20.8,0.8139292559030943,1.3136818190275943,14.457068418398675
4D8,240.0,8.516,SHWR,1.575,61.257000000000005,5757.73,21.73,0.8139292559030943,1.2819385780473735,10.916988930651433
2E9,241.0,8.984,SHWR,1.561,61.23950000000001,5776.29,16.29,0.8139898252434408,1.270638117205011,11.415412844969818
2E9,241.0,7.59,SHWR,2.0,61.23950000000001,5777.61,17.61,0.8139898252434408,1.6279796504868815,12.35636554719543
1E1,242.0,16.245,SHWR,2.0,61.228500000000004,5792.79,8.79,0.8140278772212045,1.628055754442409,26.447765730916935
1E1,242.0,5.502000000000001,SHWR,1.611,61.228500000000004,5805.79,21.79,0.8140278772212045,1.3113989102033605,7.21531680393889
6D2,243.0,4.833,SHWR,2.0,61.22500000000001,5815.6,7.6,0.8140399814039981,1.6280799628079963,7.868510460251047
4D5,244.0,5.595,SHWR,2.0,61.2175,5838.9,6.9,0.8140659136336169,1.6281318272672338,9.109397573560173
4D5,244.0,6.341,SHWR,1.38,61.2175,5839.18,7.18,0.8140659136336169,1.1234109608143912,7.123548902524055
6D8,245.0,4.337,SHWR,1.995,61.329499999999996,5861.02,5.02,0.8136779049943638,1.6232874204637557,7.040197542551308
6D8,245.0,15.489,SHWR,1.361,61.329499999999996,5867.79,11.79,0.8136779049943638,1.1074156286973291,17.15276067289293
6D8,245.0,10.378,SHWR,1.571,61.329499999999996,5874.38,18.38,0.8136779049943638,1.2782879887461454,13.266072747207497
6D8,245.0,11.307,SHWR,1.297,61.329499999999996,5875.72,19.72,0.8136779049943638,1.0553402427776897,11.932732125087337
6D8,245.0,7.9,SHWR,1.48,61.329499999999996,5877.78,21.78,0.8136779049943638,1.2042432993916583,9.5135220651941
4D4,246.0,9.04,SHWR,2.0,61.473,5887.6,7.6,0.8131783959497076,1.6263567918994153,14.702265398770713
4D4,246.0,5.632999999999999,SHWR,2.0,61.473,5899.46,19.46,0.8131783959497076,1.6263567918994153,9.161267808769406
2D3,247.0,2.705,SHWR,1.746,61.4765,5910.21,6.21,0.8131661793417845,1.4197881491307558,3.8405269433986944
2D3,247.0,4.129,SHWR,2.0,61.4765,5911.27,7.27,0.8131661793417845,1.626332358683569,6.7151263090044555
2E6,248.0,21.355999999999998,SHWR,1.3630000000000002,61.4415,5934.78,6.78,0.8132882735700215,1.1085119168759394,23.67338049680256
2E6,248.0,7.546,SHWR,1.3319999999999999,61.4415,5946.46,18.46,0.8132882735700215,1.0832999803952685,8.174581652062697
1E5,249.0,7.119,SHWR,2.0,61.414,5970.01,18.01,0.8133840928600754,1.6267681857201508,11.580962714141753
1H5,250.0,6.691,SHWR,2.0,61.3755,5982.83,6.83,0.8135180747606038,1.6270361495212076,10.8864988764464
6D9,251.0,13.0,SHWR,2.0,61.3055,6006.53,6.53,0.8137611859687678,1.6275223719375356,21.157790835187964
6D9,251.0,4.167,SHWR,1.9340000000000002,61.3055,6012.47,12.47,0.8137611859687678,1.5738141336635971,6.558083494976209
6D9,251.0,9.667,SHWR,1.355,61.3055,6014.59,14.59,0.8137611859687678,1.1026464069876802,10.659282816349904
6D9,251.0,7.167000000000001,SHWR,1.8869999999999998,61.3055,6023.24,23.24,0.8137611859687678,1.5355673579230646,11.005411254234605
2D0,252.0,3.9789999999999996,SHWR,2.0,61.295500000000004,6045.08,21.08,0.8137958644061485,1.627591728812297,6.476187488944129
2D1,253.0,5.5760000000000005,SHWR,2.0,61.324,6056.14,8.14,0.8136969967955884,1.6273939935911768,9.074348908264403
2D1,253.0,10.378,SHWR,1.916,61.324,6056.4,8.4,0.8136969967955884,1.5590434458603473,16.179752881138683
4D2,254.0,6.832999999999999,SHWR,1.311,61.3665,6079.93,7.93,0.8135493674662291,1.0665632207482263,7.287826487372629
6D5,258.0,6.97,SHWR,1.4409999999999998,61.2355,6175.52,7.52,0.8140036641278167,1.1729792800081837,8.175665581657041
6D5,258.0,3.717,SHWR,2.0,61.2355,6177.1,9.1,0.8140036641278167,1.6280073282556333,6.051303239126189
6D5,258.0,1.859,SHWR,2.0,61.2355,6177.31,9.31,0.8140036641278167,1.6280073282556333,3.0264656232272222
6D5,258.0,5.421,SHWR,2.0,61.2355,6188.55,20.55,0.8140036641278167,1.6280073282556333,8.825427726473789
6D7,259.0,3.667,SHWR,2.0,61.2675,6198.21,6.21,0.8138928953612804,1.6277857907225608,5.96909049457963
6D7,259.0,5.0,SHWR,1.446,61.2675,6201.89,9.89,0.8138928953612804,1.1768891266924115,5.884445633462057
6D7,259.0,8.667,SHWR,2.0,61.2675,6211.57,19.57,0.8138928953612804,1.6277857907225608,14.108019448192435
2D5,260.0,9.833,SHWR,1.411,61.2475,6225.06,9.06,0.8139621412957537,1.1485005813683085,11.293206216594577
2D5,260.0,6.5,SHWR,2.0,61.2475,6226.68,10.68,0.8139621412957537,1.6279242825915075,10.581507836844798
2D9,261.0,12.237,SHWR,2.0,61.2655,6248.79,8.79,0.8138998222743302,1.6277996445486604,19.91938425034196
2D9,261.0,6.66,SHWR,2.0,61.2655,6258.04,18.04,0.8138998222743302,1.6277996445486604,10.84114563269408
1E7,263.0,7.513999999999999,SHWR,1.526,61.442499999999995,6299.11,11.11,0.8132847873780517,1.2410725855389069,9.325419407739345
2D7,264.0,5.502000000000001,SHWR,1.2329999999999999,61.566,6320.91,8.91,0.8128532395104241,1.0022480443163528,5.514368739828574
2D7,264.0,8.123,SHWR,1.237,61.566,6326.3,14.3,0.8128532395104241,1.0054994572743947,8.167672091439908
2D7,264.0,3.668,SHWR,1.881,61.566,6328.93,16.93,0.8128532395104241,1.5289769435191076,5.608287428828087
2D8,265.0,5.47,SHWR,1.443,61.595,6342.42,6.42,0.8127516150173205,1.1728005804699935,6.415219175170864
2D8,265.0,3.8539999999999996,SHWR,2.0,61.595,6347.12,11.12,0.8127516150173205,1.625503230034641,6.264689448553506
2D8,265.0,7.957000000000001,SHWR,1.474,61.595,6356.58,20.58,0.8127516150173205,1.1979958805355304,9.532453221421216
2D9,266.0,12.237,SHWR,2.0,61.564499999999995,6368.79,8.79,0.8128584929494438,1.6257169858988876,19.89389875644469
2D9,266.0,6.66,SHWR,2.0,61.564499999999995,6378.04,18.04,0.8128584929494438,1.6257169858988876,10.827275126086592
4D9,267.0,11.005,SHWR,1.464,61.548,6393.86,9.86,0.8129162613185662,1.190109406570381,13.097154019307045
4D9,267.0,13.100999999999999,SHWR,2.0,61.548,6402.84,18.84,0.8129162613185662,1.6258325226371324,21.30003187906907
4D9,267.0,4.8469999999999995,SHWR,2.0,61.548,6403.41,19.41,0.8129162613185662,1.6258325226371324,7.88041023722218
4D9,267.0,3.668,SHWR,2.0,61.548,6404.6,20.6,0.8129162613185662,1.6258325226371324,5.963553693033002
4D9,267.0,2.62,SHWR,2.0,61.548,6404.79,20.79,0.8129162613185662,1.6258325226371324,4.259681209309287
2D7,268.0,5.502000000000001,SHWR,1.2329999999999999,61.532,6416.91,8.91,0.81297224508117,1.0023947781850826,5.515176069574325
2D7,268.0,8.123,SHWR,1.237,61.532,6422.3,14.3,0.81297224508117,1.0056466671654074,8.168867877384603
2D7,268.0,3.668,SHWR,1.881,61.532,6424.93,16.93,0.81297224508117,1.529200792997681,5.609108508715494
4E8,269.0,13.232000000000001,SHWR,2.0,61.4945,6439.72,7.72,0.813103325826317,1.626206651652634,21.517966414667654
4E8,269.0,6.419,SHWR,2.0,61.4945,6451.95,19.95,0.813103325826317,1.626206651652634,10.438620496958256
4E1,270.0,6.66,SHWR,2.0,61.4645,6462.14,6.14,0.813208058204369,1.626416116408738,10.831931335282196
4E1,270.0,3.872,SHWR,2.0,61.4645,6462.26,6.26,0.813208058204369,1.626416116408738,6.297483202734633
4E1,270.0,7.745,SHWR,2.0,61.4645,6462.96,6.96,0.813208058204369,1.626416116408738,12.596592821585677
4E1,270.0,2.7880000000000003,SHWR,2.0,61.4645,6477.25,21.25,0.813208058204369,1.626416116408738,4.5344481325475625
4E1,270.0,3.872,SHWR,2.0,61.4645,6477.38,21.38,0.813208058204369,1.626416116408738,6.297483202734633
4E1,270.0,6.041,SHWR,2.0,61.4645,6478.21,22.21,0.813208058204369,1.626416116408738,9.825179759225188
6D5,272.0,6.97,SHWR,1.4409999999999998,61.4005,6511.52,7.52,0.8134310954393231,1.1721542085280645,8.16991483344061
6D5,272.0,3.717,SHWR,2.0,61.4005,6513.1,9.1,0.8134310954393231,1.6268621908786463,6.047046763495929
6D5,272.0,1.859,SHWR,2.0,61.4005,6513.31,9.31,0.8134310954393231,1.6268621908786463,3.024336812843403
6D5,272.0,5.421,SHWR,2.0,61.4005,6524.55,20.55,0.8134310954393231,1.6268621908786463,8.819219936753141
4D7,273.0,3.275,SHWR,2.0,61.3705,6534.5,6.5,0.8135354608937245,1.627070921787449,5.328657268853895
4D7,273.0,7.336,SHWR,1.632,61.3705,6548.63,20.63,0.8135354608937245,1.3276898721785584,9.739932902301904
4D7,273.0,7.205,SHWR,1.81,61.3705,6548.63,20.63,0.8135354608937245,1.4724991842176414,10.609356622288105
4D6,274.0,7.211,SHWR,1.88,61.343999999999994,6559.29,7.29,0.8136275533025198,1.5296198002087371,11.030088379305203
4D6,274.0,6.837999999999999,SHWR,1.84,61.343999999999994,6563.3,11.3,0.8136275533025198,1.4970746980766365,10.236996785448039
4D6,274.0,3.6060000000000003,SHWR,1.5830000000000002,61.343999999999994,6564.82,12.82,0.8136275533025198,1.287972416877889,4.644428535261668
4D6,274.0,8.081,SHWR,1.893,61.343999999999994,6568.48,16.48,0.8136275533025198,1.54019695840167,12.446331620843894
2D1,275.0,5.5760000000000005,SHWR,2.0,61.321,6584.14,8.14,0.8137074088563498,1.6274148177126997,9.074465023566015
2D1,275.0,10.378,SHWR,1.916,61.321,6584.4,8.4,0.8137074088563498,1.5590633953687663,16.179959917137058
2D4,279.0,4.476,SHWR,2.0,60.946,6680.47,8.47,0.814999814999815,1.62999962999963,7.295878343878344
2D5,280.0,9.833,SHWR,1.411,60.885,6705.06,9.06,0.8152083525824633,1.1502589854938556,11.310496604361083
2D5,280.0,6.5,SHWR,2.0,60.885,6706.68,10.68,0.8152083525824633,1.6304167051649265,10.597708583572022
6D6,282.0,4.833,SHWR,2.0,60.808,6750.26,6.26,0.8154709182167109,1.6309418364334218,7.882341895482728
6D6,282.0,3.667,SHWR,2.0,60.808,6751.91,7.91,0.8154709182167109,1.6309418364334218,5.9806637142013575
6D6,282.0,9.833,SHWR,2.0,60.808,6752.2,8.2,0.8154709182167109,1.6309418364334218,16.03705107764984
3E6,283.0,10.088,SHWR,2.0,60.733,6786.18,18.18,0.8157259476293143,1.6314518952586285,16.458086719369042
3E6,283.0,7.86,SHWR,1.7109999999999999,60.733,6787.44,19.44,0.8157259476293143,1.3957070963937566,10.970257777654927
1E1,284.0,16.245,SHWR,2.0,60.629999999999995,6800.79,8.79,0.8160750413831157,1.6321500827662314,26.51427809453743
1E1,284.0,5.502000000000001,SHWR,1.611,60.629999999999995,6813.79,21.79,0.8160750413831157,1.3146968916681994,7.233462297958434
2D0,285.0,3.9789999999999996,SHWR,2.0,60.464,6837.08,21.08,0.8166348833797858,1.6332697667595717,6.498780401936335
2D8,286.0,5.47,SHWR,1.443,60.3995,6846.42,6.42,0.8168514940339374,1.1787167058909718,6.447580381223616
2D8,286.0,3.8539999999999996,SHWR,2.0,60.3995,6851.12,11.12,0.8168514940339374,1.6337029880678748,6.296291316013589
2D8,286.0,7.957000000000001,SHWR,1.474,60.3995,6860.58,20.58,0.8168514940339374,1.2040391022060237,9.580539136253332
2D3,288.0,2.705,SHWR,1.746,60.4005,6894.21,6.21,0.8168481396349784,1.4262168518026723,3.8579165841262286
2D3,288.0,4.129,SHWR,2.0,60.4005,6895.27,7.27,0.8168481396349784,1.6336962792699568,6.745531937105651
4D7,289.0,3.275,SHWR,2.0,60.36749999999999,6918.5,6.5,0.8169587699629342,1.6339175399258683,5.3510799432572185
4D7,289.0,7.336,SHWR,1.632,60.36749999999999,6932.63,20.63,0.8169587699629342,1.3332767125795084,9.780917963483274
4D7,289.0,7.205,SHWR,1.81,60.36749999999999,6932.63,20.63,0.8169587699629342,1.478695373632911,10.654000167025123
2E4,290.0,4.476,SHWR,1.975,60.338,6945.68,9.68,0.817057553693608,1.613688668544876,7.222870480406865
2E4,290.0,2.86,SHWR,2.0,60.338,6947.81,11.81,0.817057553693608,1.634115107387216,4.6735692071274375
1E8,291.0,8.908999999999999,SHWR,2.0,60.3335,6973.22,13.22,0.8170726130262592,1.6341452260525184,14.558599818901884
4D4,292.0,9.04,SHWR,2.0,60.283500000000004,6991.6,7.6,0.8172397722807563,1.6344795445615126,14.775695082836073
4D4,292.0,5.632999999999999,SHWR,2.0,60.283500000000004,7003.46,19.46,0.8172397722807563,1.6344795445615126,9.207023274514999
5D1,293.0,3.833,SHWR,2.0,60.1875,7014.94,6.94,0.8175598631698974,1.6351197263397947,6.267413911060434
5D1,293.0,23.666999999999998,SHWR,1.851,60.1875,7015.0,7.0,0.8175598631698974,1.51330330672748,35.81534936031927
5D1,293.0,13.667,SHWR,1.643,60.1875,7023.53,15.53,0.8175598631698974,1.3432508551881415,18.358209437856328
5D1,293.0,12.5,SHWR,1.405,60.1875,7023.54,15.54,0.8175598631698974,1.1486716077537058,14.358395096921322
2D6,294.0,6.837999999999999,SHWR,2.0,60.022000000000006,7039.31,7.31,0.8181090618065407,1.6362181236130815,11.18845952926625
6D8,295.0,4.337,SHWR,1.995,59.832,7061.02,5.02,0.8187354988399071,1.6333773201856148,7.083957437645011
6D8,295.0,15.489,SHWR,1.361,59.832,7067.79,11.79,0.8187354988399071,1.1142990139211135,17.259377426624127
6D8,295.0,10.378,SHWR,1.571,59.832,7074.38,18.38,0.8187354988399071,1.286233468677494,13.348530937935035
6D8,295.0,11.307,SHWR,1.297,59.832,7075.72,19.72,0.8187354988399071,1.0618999419953594,12.00690264414153
6D8,295.0,7.9,SHWR,1.48,59.832,7077.78,21.78,0.8187354988399071,1.2117285382830625,9.572655452436194
2D6,296.0,6.837999999999999,SHWR,2.0,59.712,7087.31,7.31,0.8191289249023296,1.6382578498046592,11.202407176964257
2E1,298.0,15.517999999999999,SHWR,2.0,59.48949999999999,7137.46,9.46,0.819853901514128,1.639707803028256,25.444985687392474
2E1,298.0,8.115,SHWR,2.0,59.48949999999999,7140.2,12.2,0.819853901514128,1.639707803028256,13.306228821574297
2D3,299.0,2.705,SHWR,1.746,59.408,7158.21,6.21,0.8201180025903008,1.431926032522665,3.873359917973809
2D3,299.0,4.129,SHWR,2.0,59.408,7159.27,7.27,0.8201180025903008,1.6402360051806015,6.772534465390703
5D6,300.0,5.371,SHWR,2.0,59.33,7181.91,5.91,0.8203700377222921,1.6407400754445842,8.812414945212863
5D6,300.0,10.612,SHWR,2.0,59.33,7186.91,10.91,0.8203700377222921,1.6407400754445842,17.41153368061793
5D6,300.0,3.537,SHWR,2.0,59.33,7192.68,16.68,0.8203700377222921,1.6407400754445842,5.803297646847494
4D8,301.0,12.052999999999999,SHWR,1.585,59.2595,7208.25,8.25,0.8205972318152869,1.3006466124272296,15.676693619585397
4D8,301.0,11.005,SHWR,1.614,59.2595,7220.8,20.8,0.8205972318152869,1.324443932149873,14.575505473309354
4D8,301.0,8.516,SHWR,1.575,59.2595,7221.73,21.73,0.8205972318152869,1.2924406401090769,11.006424491168898
6D2,302.0,4.833,SHWR,2.0,59.2095,7231.6,7.6,0.820758014357283,1.641516028714566,7.933446966777498
2D4,303.0,4.476,SHWR,2.0,59.1315,7256.47,8.47,0.8210082604687794,1.6420165209375588,7.349665947716513
4D6,306.0,7.211,SHWR,1.88,58.852999999999994,7327.29,7.29,0.8218960941813455,1.5451646570609294,11.142182342066363
4D6,306.0,6.837999999999999,SHWR,1.84,58.852999999999994,7331.3,11.3,0.8218960941813455,1.5122888132936758,10.341030905302153
4D6,306.0,3.6060000000000003,SHWR,1.5830000000000002,58.852999999999994,7332.82,12.82,0.8218960941813455,1.30106151708907,4.691627830623187
4D6,306.0,8.081,SHWR,1.893,58.852999999999994,7336.48,16.48,0.8218960941813455,1.555849306285287,12.572818244091403
2D9,307.0,12.237,SHWR,2.0,58.75449999999999,7352.79,8.79,0.8222079988621313,1.6444159977242625,20.1227185641518
2D9,307.0,6.66,SHWR,2.0,58.75449999999999,7362.04,18.04,0.8222079988621313,1.6444159977242625,10.951810544843589
2D0,308.0,3.9789999999999996,SHWR,2.0,58.652,7389.08,21.08,0.8225314119400866,1.6450628238801732,6.545704976219208
6D9,309.0,13.0,SHWR,2.0,58.52199999999999,7398.53,6.53,0.8229399058040299,1.6458798116080597,21.39643755090478
6D9,309.0,4.167,SHWR,1.9340000000000002,58.52199999999999,7404.47,12.47,0.8229399058040299,1.5915657778249939,6.632054596196749
6D9,309.0,9.667,SHWR,1.355,58.52199999999999,7406.59,14.59,0.8229399058040299,1.1150835723644605,10.77951289404724
6D9,309.0,7.167000000000001,SHWR,1.8869999999999998,58.52199999999999,7415.24,23.24,0.8229399058040299,1.5528876022522042,11.129545445341549
4D5,310.0,5.595,SHWR,2.0,58.4025,7422.9,6.9,0.823313750607359,1.646627501214718,9.212880869296347
4D5,310.0,6.341,SHWR,1.38,58.4025,7423.18,7.18,0.823313750607359,1.1361729758381554,7.2044728397897435
1E5,311.0,7.119,SHWR,2.0,58.2655,7458.01,18.01,0.82374040486829,1.64748080973658,11.728415884514714
1E9,312.0,6.287999999999999,SHWR,2.0,58.19499999999999,7480.02,16.02,0.8239591585247777,1.6479183170495555,10.362110377607603
6D1,313.0,7.832999999999999,SHWR,2.0,58.107,7494.29,6.29,0.8242314520239749,1.6484629040479497,12.91240992740759
6D1,313.0,7.584,SHWR,1.935,58.107,7497.95,9.95,0.8242314520239749,1.5948878596663913,12.095629527709912
6D1,313.0,5.718999999999999,SHWR,1.8869999999999998,58.107,7498.14,10.14,0.8242314520239749,1.5553247499692404,8.894902245074086
6D1,313.0,5.222,SHWR,2.0,58.107,7501.38,13.38,0.8242314520239749,1.6484629040479497,8.608273284938393
6D1,313.0,13.055,SHWR,2.0,58.107,7506.0,18.0,0.8242314520239749,1.6484629040479497,21.520683212345983
6D1,313.0,3.73,SHWR,1.662,58.107,7508.3,20.3,0.8242314520239749,1.3698726732638462,5.109625071274146
2D8,314.0,5.47,SHWR,1.443,58.047000000000004,7518.42,6.42,0.8244166242340175,1.1896331887696874,6.507293542570189
2D8,314.0,3.8539999999999996,SHWR,2.0,58.047000000000004,7523.12,11.12,0.8244166242340175,1.648833248468035,6.354603339595807
2D8,314.0,7.957000000000001,SHWR,1.474,58.047000000000004,7532.58,20.58,0.8244166242340175,1.2151901041209419,9.669267658490336
2H5,315.0,9.449,SHWR,1.662,57.969500000000004,7547.77,11.77,0.8246552283427289,1.3705769895056152,12.950581973838558
4D2,316.0,6.832999999999999,SHWR,1.311,57.927,7567.93,7.93,0.8247858006412839,1.0812941846407231,7.3884831636500605
4D1,317.0,15.833,SHWR,2.0,57.867000000000004,7590.41,6.41,0.8249698072917578,1.6499396145835157,26.123493917700802
4D1,317.0,13.5,SHWR,2.0,57.867000000000004,7590.81,6.81,0.8249698072917578,1.6499396145835157,22.27418479687746
1E7,318.0,7.513999999999999,SHWR,1.526,57.765,7619.11,11.11,0.8252817332052066,1.2593799248711453,9.462980755481784
6D4,320.0,3.013,SHWR,2.0,57.582499999999996,7661.25,5.25,0.8258370705795272,1.6516741411590543,4.97649418731223
6D4,320.0,11.005,SHWR,2.0,57.582499999999996,7661.65,5.65,0.8258370705795272,1.6516741411590543,18.176673923455393
6D4,320.0,9.957,SHWR,2.0,57.582499999999996,7675.47,19.47,0.8258370705795272,1.6516741411590543,16.445719423520703
2D1,321.0,5.5760000000000005,SHWR,2.0,57.462999999999994,7688.14,8.14,0.8261987938196291,1.6523975876392583,9.213768948676504
2D1,321.0,10.378,SHWR,1.916,57.462999999999994,7688.4,8.4,0.8261987938196291,1.5829968889584094,16.428341713610372
2D5,322.0,9.833,SHWR,1.411,57.297999999999995,7713.06,9.06,0.8266957817753284,1.1664677480849885,11.469877366919693
2D5,322.0,6.5,SHWR,2.0,57.297999999999995,7714.68,10.68,0.8266957817753284,1.6533915635506569,10.74704516307927
4D9,324.0,11.005,SHWR,1.464,56.99300000000001,7761.86,9.86,0.8276070129467133,1.2116166669539883,13.333841419828643
4D9,324.0,13.100999999999999,SHWR,2.0,56.99300000000001,7770.84,18.84,0.8276070129467133,1.6552140258934267,21.68495895322978
4D9,324.0,4.8469999999999995,SHWR,2.0,56.99300000000001,7771.41,19.41,0.8276070129467133,1.6552140258934267,8.022822383505439
4D9,324.0,3.668,SHWR,2.0,56.99300000000001,7772.6,20.6,0.8276070129467133,1.6552140258934267,6.07132504697709
4D9,324.0,2.62,SHWR,2.0,56.99300000000001,7772.79,20.79,0.8276070129467133,1.6552140258934267,4.336660747840778
2D7,327.0,5.502000000000001,SHWR,1.2329999999999999,56.750499999999995,7832.91,8.91,0.8283247066498425,1.0213243632992557,5.619326646872506
2D7,327.0,8.123,SHWR,1.237,56.750499999999995,7838.3,14.3,0.8283247066498425,1.0246376621258553,8.323131729448322
2D7,327.0,3.668,SHWR,1.881,56.750499999999995,7840.93,16.93,0.8283247066498425,1.5580787732083536,5.715032940128242
2D0,328.0,3.9789999999999996,SHWR,2.0,56.6,7869.08,21.08,0.8287671232876712,1.6575342465753424,6.595328767123287
1H6,330.0,11.5,SHWR,1.791,56.3965,7905.36,9.36,0.8293617275418703,1.4853868540274897,17.081948821316132
2E2,332.0,6.122000000000001,SHWR,1.355,56.235,7952.71,8.71,0.8298306815281205,1.1244205734706032,6.883702750787034
4D3,334.0,3.406,SHWR,1.405,55.8775,8004.56,12.56,0.8308596557993996,1.1673578163981564,3.976020722652121
4D3,334.0,1.965,SHWR,1.8880000000000001,55.8775,8012.61,20.61,0.8308596557993996,1.5686630301492666,3.0824228542433088
4D5,335.0,5.595,SHWR,2.0,55.702,8022.9,6.9,0.8313602482377146,1.6627204964754292,9.302921177780027
4D5,335.0,6.341,SHWR,1.38,55.702,8023.18,7.18,0.8313602482377146,1.1472771425680461,7.274884361023981
4D8,336.0,12.052999999999999,SHWR,1.585,55.513,8048.25,8.25,0.8318960445139274,1.318555230554575,15.89254619387429
4D8,336.0,11.005,SHWR,1.614,55.513,8060.8,20.8,0.8318960445139274,1.342680215845479,14.776195775379497
4D8,336.0,8.516,SHWR,1.575,55.513,8061.73,21.73,0.8318960445139274,1.3102362701094357,11.157972076251955
4D9,337.0,11.005,SHWR,1.464,55.366,8073.86,9.86,0.832310426937653,1.218502465036724,13.409619627729148
4D9,337.0,13.100999999999999,SHWR,2.0,55.366,8082.84,18.84,0.832310426937653,1.664620853875306,21.80819780662038
4D9,337.0,4.8469999999999995,SHWR,2.0,55.366,8083.41,19.41,0.832310426937653,1.664620853875306,8.068417278733607
4D9,337.0,3.668,SHWR,2.0,55.366,8084.6,20.6,0.832310426937653,1.664620853875306,6.105829292014623
4D9,337.0,2.62,SHWR,2.0,55.366,8084.79,20.79,0.832310426937653,1.664620853875306,4.361306637153302
2D5,338.0,9.833,SHWR,1.411,55.2255,8097.06,9.06,0.8327045813850388,1.1749461643342898,11.553245633899072
2D5,338.0,6.5,SHWR,2.0,55.2255,8098.68,10.68,0.8327045813850388,1.6654091627700776,10.825159558005504
2D9,341.0,12.237,SHWR,2.0,54.90650000000001,8168.79,8.79,0.8335926514514881,1.6671853029029762,20.40134655162372
2D9,341.0,6.66,SHWR,2.0,54.90650000000001,8178.04,18.04,0.8335926514514881,1.6671853029029762,11.103454117333822
4D2,343.0,6.832999999999999,SHWR,1.311,54.832499999999996,8215.93,7.93,0.8337973158266506,1.093108281048739,7.469208884406032
4D7,344.0,3.275,SHWR,2.0,54.818,8238.5,6.5,0.8338373600079758,1.6676747200159516,5.461634708052242
4D7,344.0,7.336,SHWR,1.632,54.818,8252.63,20.63,0.8338373600079758,1.3608225715330164,9.98299438476621
4D7,344.0,7.205,SHWR,1.81,54.818,8252.63,20.63,0.8338373600079758,1.5092456216144363,10.874114703732014
4D4,345.0,9.04,SHWR,2.0,54.7165,8263.6,7.6,0.8341171298945814,1.6682342597891628,15.08083770849403
4D4,345.0,5.632999999999999,SHWR,2.0,54.7165,8275.46,19.46,0.8341171298945814,1.6682342597891628,9.397163585392352
1E1,346.0,16.245,SHWR,2.0,54.6355,8288.79,8.79,0.8343397195371451,1.6686794390742903,27.107697487761847
1E1,346.0,5.502000000000001,SHWR,1.611,54.6355,8301.79,21.79,0.8343397195371451,1.3441212881743407,7.395355327535223
3E5,347.0,6.026,SHWR,2.0,54.55500000000001,8313.26,9.26,0.8345603441144842,1.6691206882289684,10.058121267267763
2D7,349.0,5.502000000000001,SHWR,1.2329999999999999,54.4285,8360.91,8.91,0.8349058550638502,1.0294389192937272,5.663972933954088
2D7,349.0,8.123,SHWR,1.237,54.4285,8366.3,14.3,0.8349058550638502,1.0327785427139828,8.389260102465682
2D7,349.0,3.668,SHWR,1.881,54.4285,8368.93,16.93,0.8349058550638502,1.5704579133751022,5.760439626259875
6D8,350.0,4.337,SHWR,1.995,54.3475,8381.02,5.02,0.8351263344462306,1.6660770372202303,7.225776110424138
6D8,350.0,15.489,SHWR,1.361,54.3475,8387.79,11.79,0.8351263344462306,1.1366069411813198,17.604904911957462
6D8,350.0,10.378,SHWR,1.571,54.3475,8394.38,18.38,0.8351263344462306,1.3119834714150282,13.615764466345164
6D8,350.0,11.307,SHWR,1.297,54.3475,8395.72,19.72,0.8351263344462306,1.083158855776761,12.247277182267839
6D8,350.0,7.9,SHWR,1.48,54.3475,8397.78,21.78,0.8351263344462306,1.2359869749804213,9.76429710234533
6D9,351.0,13.0,SHWR,2.0,54.2775,8406.53,6.53,0.8353163983696323,1.6706327967392647,21.71822635761044
6D9,351.0,4.167,SHWR,1.9340000000000002,54.2775,8412.47,12.47,0.8353163983696323,1.6155019144468692,6.731796477500104
6D9,351.0,9.667,SHWR,1.355,54.2775,8414.59,14.59,0.8353163983696323,1.1318537197908518,10.941629909218165
6D9,351.0,7.167000000000001,SHWR,1.8869999999999998,54.2775,8423.24,23.24,0.8353163983696323,1.576242043723496,11.296926727366298
2D6,352.0,6.837999999999999,SHWR,2.0,54.182500000000005,8431.31,7.31,0.8355736424548855,1.671147284909771,11.427305134213013
1E5,354.0,7.119,SHWR,2.0,53.9965,8490.01,18.01,0.8360749793044662,1.6721499586089323,11.90403555533699
2D4,355.0,4.476,SHWR,2.0,53.855999999999995,8504.47,8.47,0.8364516551092503,1.6729033102185007,7.487915216538009
5D2,356.0,2.611,SHWR,2.0,53.7435,8529.52,9.52,0.8367520181531756,1.6735040363063511,4.369519038795883
5D2,356.0,3.9789999999999996,SHWR,2.0,53.7435,8536.67,16.67,0.8367520181531756,1.6735040363063511,6.658872560462971
2D8,357.0,5.47,SHWR,1.443,53.6835,8550.42,6.42,0.8369117611083476,1.2076636712793456,6.60592028189802
2D8,357.0,3.8539999999999996,SHWR,2.0,53.6835,8555.12,11.12,0.8369117611083476,1.6738235222166953,6.450915854623143
2D8,357.0,7.957000000000001,SHWR,1.474,53.6835,8564.58,20.58,0.8369117611083476,1.2336079358737044,9.815818345747067
4D1,358.0,15.833,SHWR,2.0,53.666,8574.41,6.41,0.8369582939315877,1.6739165878631754,26.50312133563766
4D1,358.0,13.5,SHWR,2.0,53.666,8574.81,6.81,0.8369582939315877,1.6739165878631754,22.59787393615287
1H1,359.0,8.516,SHWR,1.794,53.626999999999995,8612.41,20.41,0.8370619001841201,1.5016890489303114,12.788383940690531
4D6,362.0,7.211,SHWR,1.88,53.397999999999996,8671.29,7.29,0.8376676081945391,1.5748151034057334,11.355991710658744
4D6,362.0,6.837999999999999,SHWR,1.84,53.397999999999996,8675.3,11.3,0.8376676081945391,1.5413083990779521,10.539466832895036
4D6,362.0,3.6060000000000003,SHWR,1.5830000000000002,53.397999999999996,8676.82,12.82,0.8376676081945391,1.3260278237719556,4.781656332521672
4D6,362.0,8.081,SHWR,1.893,53.397999999999996,8680.48,16.48,0.8376676081945391,1.5857047823122625,12.814080345865392
6D1,364.0,7.832999999999999,SHWR,2.0,53.25,8718.29,6.29,0.8380566801619433,1.6761133603238867,13.128995951417004
6D1,364.0,7.584,SHWR,1.935,53.25,8721.95,9.95,0.8380566801619433,1.6216396761133605,12.298515303643725
6D1,364.0,5.718999999999999,SHWR,1.8869999999999998,53.25,8722.14,10.14,0.8380566801619433,1.581412955465587,9.04410069230769
6D1,364.0,5.222,SHWR,2.0,53.25,8725.38,13.38,0.8380566801619433,1.6761133603238867,8.752663967611337
6D1,364.0,13.055,SHWR,2.0,53.25,8730.0,18.0,0.8380566801619433,1.6761133603238867,21.88165991902834
6D1,364.0,3.73,SHWR,1.662,53.25,8732.3,20.3,0.8380566801619433,1.3928502024291498,5.1953312550607285
4D3,365.0,3.406,SHWR,1.405,53.3055,8748.56,12.56,0.8379109969284134,1.1772649506844208,4.009764422031138
4D3,365.0,1.965,SHWR,1.8880000000000001,53.3055,8756.61,20.61,0.8379109969284134,1.5819759622008447,3.10858276572466
